mean,ci_low,ci_high,n
0.20493827160493827,0.17309732664995822,0.23585858585858585,3240
