mean,ci_low,ci_high,n,variant_id
0.25,0.20908102766798417,0.28695652173913044,360,A1_opendyslexic_regular
0.2,0.16956521739130434,0.23,360,T1_times_regular
0.18611111111111112,0.1541220238095238,0.21739130434782608,360,T2_times_bold
0.18888888888888888,0.15832236842105263,0.22,360,T3_arial_regular
0.18888888888888888,0.15788967611336033,0.22083333333333333,360,T4_arial_bold
0.19722222222222222,0.1608695652173913,0.2318181818181818,360,T5_arial_all_caps
0.19444444444444445,0.1590909090909091,0.23043478260869565,360,T6_monospace
0.24722222222222223,0.2074074074074074,0.2826086956521739,360,T7_comic
0.19166666666666668,0.1565217391304348,0.225,360,T8_small_text
