dimension_id,flip_rate,n
high_risk,0.4444444444444444,324
trustworthy,0.404320987654321,324
confident,0.31790123456790126,324
professional,0.29012345679012347,324
formal,0.22839506172839505,324
persuasive,0.19444444444444445,324
immediate_action,0.13271604938271606,324
urgent,0.030864197530864196,324
emotional,0.006172839506172839,324
form_dependent,0.0,324
