category,flip_rate,n
cta,0.26851851851851855,540
warning,0.26666666666666666,540
authority,0.2462962962962963,540
procedural,0.1685185185185185,540
neutral,0.15555555555555556,540
promo,0.12407407407407407,540
