variant_id,flip_rate,n
A1_opendyslexic_regular,0.25,360
T7_comic,0.24722222222222223,360
T1_times_regular,0.2,360
T5_arial_all_caps,0.19722222222222222,360
T6_monospace,0.19444444444444445,360
T8_small_text,0.19166666666666668,360
T3_arial_regular,0.18888888888888888,360
T4_arial_bold,0.18888888888888888,360
T2_times_bold,0.18611111111111112,360
