flip_direction,count,rate
NO→YES,279,0.5324427480916031
YES→NO,245,0.4675572519083969
