dimension_id,flip_rate,n
trustworthy,0.48148148148148145,324
confident,0.2808641975308642,324
formal,0.19444444444444445,324
professional,0.17901234567901234,324
persuasive,0.1697530864197531,324
immediate_action,0.1419753086419753,324
high_risk,0.10802469135802469,324
urgent,0.033950617283950615,324
form_dependent,0.027777777777777776,324
emotional,0.0,324
