variant_bucket,flip_rate,n
font_family,0.17222222222222222,1800
capitalization,0.15555555555555556,360
emphasis,0.14629629629629629,1080
