approval_rate_ocr,approval_rate_image,n
0.37222222222222223,0.2861111111111111,2880
