approval_rate_text,approval_rate_image,n
0.36838487972508593,0.28487972508591064,2910
