flip_direction,count,rate
NO→YES,105,0.2292576419213974
YES→NO,353,0.7707423580786026
