mean,ci_low,ci_high,n
0.2861111111111111,0.2613095238095238,0.30978260869565216,2880
