mean,ci_low,ci_high,n
0.1563573883161512,0.13370786516853933,0.179526455026455,2910
