mean,ci_low,ci_high,n
0.15902777777777777,0.1354119318181818,0.1828160511363636,2880
