mean,ci_low,ci_high,n
0.04861111111111111,0.0,0.08333333333333333,288
