approval_rate_text,approval_rate_image,n
0.027491408934707903,0.027491408934707903,291
