category,flip_rate,n
warning,0.14583333333333334,48
neutral,0.13725490196078433,51
cta,0.0,48
authority,0.0,48
procedural,0.0,48
promo,0.0,48
