mean,ci_low,ci_high,n
0.027777777777777776,0.0,0.047619047619047616,288
