variant_bucket,flip_rate,n
capitalization,0.05555555555555555,36
emphasis,0.05333333333333334,75
font_family,0.044444444444444446,180
