approval_rate_ocr,approval_rate_image,n
0.027777777777777776,0.027777777777777776,288
