dimension_id,flip_rate,n
trustworthy,0.5555555555555556,288
high_risk,0.4409722222222222,288
urgent,0.14583333333333334,288
professional,0.1284722222222222,288
persuasive,0.1284722222222222,288
confident,0.08333333333333333,288
immediate_action,0.08333333333333333,288
emotional,0.024305555555555556,288
form_dependent,0.0,288
formal,0.0,288
