variant_id,flip_rate,n
T5_arial_all_caps,0.23333333333333334,360
T7_comic,0.16111111111111112,360
T6_monospace,0.1527777777777778,360
T3_arial_regular,0.15,360
T2_times_bold,0.15,360
T1_times_regular,0.14166666666666666,360
A1_opendyslexic_regular,0.14166666666666666,360
T4_arial_bold,0.14166666666666666,360
