category,flip_rate,n
procedural,0.22708333333333333,480
warning,0.20208333333333334,480
authority,0.17083333333333334,480
cta,0.16875,480
neutral,0.1125,480
promo,0.07291666666666667,480
