flip_direction,count,rate
NO→YES,106,0.23296703296703297
YES→NO,349,0.7670329670329671
