mean,ci_low,ci_high,n
0.28487972508591064,0.2603069227358386,0.3082355973317162,2910
