mean,ci_low,ci_high,n
0.027491408934707903,0.0,0.047337278106508875,291
