mean,ci_low,ci_high,n
0.048109965635738834,0.0,0.08284023668639054,291
