variant_bucket,approval_rate_text,approval_rate_image,n
capitalization,0.027777777777777776,0.027777777777777776,36
font_family,0.027777777777777776,0.027777777777777776,180
emphasis,0.02666666666666667,0.02666666666666667,75
