variant_bucket,flip_rate,n
capitalization,0.2361111111111111,360
font_family,0.14666666666666667,1800
emphasis,0.14133333333333334,750
