category,flip_rate,n
procedural,0.22708333333333333,480
warning,0.18958333333333333,480
authority,0.17083333333333334,480
cta,0.16875,480
neutral,0.11176470588235295,510
promo,0.07291666666666667,480
