dimension_id,flip_rate,n
trustworthy,0.5532646048109966,291
high_risk,0.436426116838488,291
persuasive,0.13058419243986255,291
professional,0.13058419243986255,291
urgent,0.12371134020618557,291
confident,0.08247422680412371,291
immediate_action,0.08247422680412371,291
emotional,0.024054982817869417,291
form_dependent,0.0,291
formal,0.0,291
