approval_rate_text,approval_rate_image,n
0.38333333333333336,0.39382716049382716,3240
