category,flip_direction,count,rate
authority,NO→YES,26,0.35135135135135137
authority,YES→NO,48,0.6486486486486487
cta,NO→YES,65,0.5416666666666666
cta,YES→NO,55,0.4583333333333333
neutral,NO→YES,25,0.43103448275862066
neutral,YES→NO,33,0.5689655172413793
procedural,NO→YES,68,0.8192771084337349
procedural,YES→NO,15,0.18072289156626506
promo,NO→YES,37,0.3394495412844037
promo,YES→NO,72,0.6605504587155964
warning,NO→YES,62,0.7045454545454546
warning,YES→NO,26,0.29545454545454547
