flip_direction,count,rate
NO→YES,283,0.5319548872180451
YES→NO,249,0.4680451127819549
