mean,ci_low,ci_high,n
0.16419753086419753,0.14666402116402116,0.18131734006734004,3240
