mean,ci_low,ci_high,n
0.1617283950617284,0.14490651709401708,0.1782828282828283,3240
