mean,ci_low,ci_high,n,variant_id
0.18888888888888888,0.164975,0.2125,360,A1_opendyslexic_regular
0.1527777777777778,0.13333333333333333,0.17272727272727273,360,T1_times_regular
0.16111111111111112,0.1380952380952381,0.184,360,T2_times_bold
0.16111111111111112,0.14166666666666666,0.18095238095238095,360,T3_arial_regular
0.15555555555555556,0.13333333333333333,0.17621753246753233,360,T4_arial_bold
0.15555555555555556,0.13043478260869565,0.18,360,T5_arial_all_caps
0.14444444444444443,0.12380952380952381,0.1654166666666665,360,T6_monospace
0.225,0.20416666666666666,0.24545454545454545,360,T7_comic
0.13333333333333333,0.11304347826086956,0.15217391304347827,360,T8_small_text
