mean,ci_low,ci_high,n
0.39382716049382716,0.36515151515151517,0.42089576719576716,3240
