variant_bucket,flip_rate,n
capitalization,0.1111111111111111,36
emphasis,0.1111111111111111,108
font_family,0.1111111111111111,180
