mean,ci_low,ci_high,n
0.1111111111111111,0.041666666666666664,0.19047619047619047,324
