mean,ci_low,ci_high,n,variant_id
0.1388888888888889,0.045454545454545456,0.22727272727272727,36,A1_opendyslexic_regular
0.1388888888888889,0.045454545454545456,0.22727272727272727,36,T1_times_regular
0.1388888888888889,0.045454545454545456,0.22727272727272727,36,T2_times_bold
0.1388888888888889,0.045454545454545456,0.22727272727272727,36,T3_arial_regular
0.1388888888888889,0.045454545454545456,0.22727272727272727,36,T4_arial_bold
0.1388888888888889,0.045454545454545456,0.22727272727272727,36,T5_arial_all_caps
0.1388888888888889,0.045454545454545456,0.22727272727272727,36,T6_monospace
0.1388888888888889,0.045454545454545456,0.22727272727272727,36,T7_comic
0.1388888888888889,0.045454545454545456,0.22727272727272727,36,T8_small_text
