mean,ci_low,ci_high,n
0.1388888888888889,0.045454545454545456,0.22727272727272727,324
