category,flip_rate,n
cta,0.2222222222222222,540
promo,0.20185185185185187,540
warning,0.16296296296296298,540
procedural,0.1537037037037037,540
authority,0.13703703703703704,540
neutral,0.10740740740740741,540
