category,flip_rate,n
cta,0.21296296296296297,540
promo,0.1962962962962963,540
warning,0.16296296296296298,540
procedural,0.1537037037037037,540
authority,0.13703703703703704,540
neutral,0.10740740740740741,540
