provider,gate,n_items,mean_delta_p,mean_delta_fav,ci_lo_fav,ci_hi_fav,sign_test_p,maj_flip_rate,maj_net_fav
anthropic,moderation,60,-0.1597222222222222,0.1597222222222222,0.07706597222222224,0.2513888888888889,0.00048828125,0.16666666666666666,10
google,moderation,60,-0.03194444444444445,0.03194444444444445,0.004166666666666667,0.06527777777777778,0.21875,0.016666666666666666,1
openai,moderation,60,-0.06736111111111112,0.06736111111111112,0.01527777777777778,0.125,0.000518798828125,0.08333333333333333,3
