provider,gate,n_items,mean_delta_fav,ci_lo_fav,ci_hi_fav,sign_test_p
anthropic,moderation,60,-0.03888888888888888,-0.10833333333333332,0.027777777777777783,0.21875
google,moderation,60,-0.03888888888888889,-0.08888888888888888,-0.002777777777777779,0.125
openai,moderation,60,-0.06111111111111112,-0.12222222222222223,-0.008333333333333337,0.2265625
anthropic,__all__,60,-0.03888888888888888,-0.10833333333333332,0.027777777777777783,0.21875
google,__all__,60,-0.03888888888888889,-0.08888888888888888,-0.002777777777777779,0.125
openai,__all__,60,-0.06111111111111112,-0.12222222222222223,-0.008333333333333337,0.2265625
