category,approval_rate_ocr,approval_rate_image,n
warning,0.48333333333333334,0.36875,480
procedural,0.4666666666666667,0.32083333333333336,480
authority,0.48333333333333334,0.2875,480
promo,0.4,0.28541666666666665,480
cta,0.4665271966527197,0.24686192468619247,478
neutral,0.35,0.17708333333333334,480
