approval_rate_text,approval_rate_image,n
0.4416306361951822,0.28474366893143915,3238
