variant_bucket,approval_rate_text,approval_rate_image,n
emphasis,0.44166666666666665,0.3037037037037037,1080
capitalization,0.44166666666666665,0.3,360
font_family,0.44160177975528364,0.27030033370411566,1798
