approval_rate_ocr,approval_rate_image,n
0.4416261292564281,0.2810979847116053,2878
