flip_direction,count,rate
NO→YES,100,0.14124293785310735
YES→NO,608,0.8587570621468926
