flip_direction,count,rate
NO→YES,83,0.1321656050955414
YES→NO,545,0.8678343949044586
