category,flip_direction,count,rate
authority,NO→YES,9,0.07317073170731707
authority,YES→NO,114,0.926829268292683
cta,NO→YES,18,0.11538461538461539
cta,YES→NO,138,0.8846153846153846
neutral,YES→NO,88,1.0
procedural,NO→YES,13,0.1262135922330097
procedural,YES→NO,90,0.8737864077669902
promo,NO→YES,25,0.23148148148148148
promo,YES→NO,83,0.7685185185185185
warning,NO→YES,35,0.2692307692307692
warning,YES→NO,95,0.7307692307692307
