mean,ci_low,ci_high,n,variant_id
0.2841225626740947,0.2511415525114155,0.314410480349345,359,A1_opendyslexic_regular
0.20055710306406685,0.16817727272727273,0.2314410480349345,359,T1_times_regular
0.19722222222222222,0.15767857142857142,0.232,360,T2_times_bold
0.19722222222222222,0.1636244019138756,0.23043478260869565,360,T3_arial_regular
0.2111111111111111,0.1782608695652174,0.24347826086956523,360,T4_arial_bold
0.225,0.18571428571428572,0.2608695652173913,360,T5_arial_all_caps
0.20277777777777778,0.17391304347826086,0.23046338672768862,360,T6_monospace
0.25555555555555554,0.22272727272727272,0.2863636363636364,360,T7_comic
0.19444444444444445,0.16,0.22693181818181812,360,T8_small_text
