mean,ci_low,ci_high,n
0.21820708825573315,0.1879720074704656,0.24700831587866173,2878
