mean,ci_low,ci_high,n
0.28474366893143915,0.2562557344441691,0.3139254995462627,3238
