mean,ci_low,ci_high,n
0.2810979847116053,0.25225835634105265,0.31089934484812387,2878
