mean,ci_low,ci_high,n
0.21865348980852378,0.18713506954929218,0.24772497472194135,3238
