mean,ci_low,ci_high,n
0.20987654320987653,0.10525503573749187,0.31216931216931215,324
