approval_rate_text,approval_rate_image,n
0.19444444444444445,0.040123456790123455,324
