approval_rate_ocr,approval_rate_image,n
0.19444444444444445,0.041666666666666664,288
