category,approval_rate_text,approval_rate_image,n
neutral,0.0,0.16666666666666666,54
warning,0.8333333333333334,0.07407407407407407,54
cta,0.16666666666666666,0.0,54
authority,0.16666666666666666,0.0,54
procedural,0.0,0.0,54
promo,0.0,0.0,54
