mean,ci_low,ci_high,n
0.040123456790123455,0.0,0.06878306878306878,324
