mean,ci_low,ci_high,n
0.20833333333333334,0.10416666666666667,0.30952380952380953,288
