mean,ci_low,ci_high,n
0.041666666666666664,0.0,0.07142857142857142,288
