variant_bucket,flip_rate,n
emphasis,0.2222222222222222,108
font_family,0.2111111111111111,180
capitalization,0.16666666666666666,36
