category,flip_rate,n
warning,0.7592592592592593,54
authority,0.16666666666666666,54
cta,0.16666666666666666,54
neutral,0.16666666666666666,54
procedural,0.0,54
promo,0.0,54
