category,flip_rate,n
warning,0.75,48
authority,0.16666666666666666,48
cta,0.16666666666666666,48
neutral,0.16666666666666666,48
procedural,0.0,48
promo,0.0,48
