flip_direction,count,rate
NO→YES,9,0.1323529411764706
YES→NO,59,0.8676470588235294
