flip_direction,count,rate
NO→YES,8,0.13333333333333333
YES→NO,52,0.8666666666666667
