variant_bucket,approval_rate_text,approval_rate_image,n
capitalization,0.19444444444444445,0.08333333333333333,36
font_family,0.19444444444444445,0.03888888888888889,180
emphasis,0.19444444444444445,0.027777777777777776,108
