variant_bucket,flip_rate,n
font_family,0.22803114571746386,1798
capitalization,0.225,360
emphasis,0.20092592592592592,1080
