category,flip_rate,n
cta,0.2907949790794979,478
warning,0.24375,480
authority,0.22916666666666666,480
procedural,0.19166666666666668,480
promo,0.18125,480
neutral,0.17291666666666666,480
