category,flip_rate,n
cta,0.2899628252788104,538
warning,0.24074074074074073,540
authority,0.22777777777777777,540
promo,0.2,540
procedural,0.19074074074074074,540
neutral,0.16296296296296298,540
