variant_id,flip_rate,n
A1_opendyslexic_regular,0.2841225626740947,359
T7_comic,0.25555555555555554,360
T5_arial_all_caps,0.225,360
T4_arial_bold,0.2111111111111111,360
T6_monospace,0.20277777777777778,360
T1_times_regular,0.20055710306406685,359
T2_times_bold,0.19722222222222222,360
T3_arial_regular,0.19722222222222222,360
T8_small_text,0.19444444444444445,360
