dimension_id,flip_rate,n
trustworthy,0.4722222222222222,324
high_risk,0.43343653250773995,323
confident,0.35185185185185186,324
professional,0.30340557275541796,323
formal,0.2716049382716049,324
persuasive,0.1728395061728395,324
immediate_action,0.14506172839506173,324
urgent,0.027777777777777776,324
emotional,0.009259259259259259,324
form_dependent,0.0,324
