dimension_id,flip_rate,n
trustworthy,0.4826388888888889,288
high_risk,0.43902439024390244,287
confident,0.3506944444444444,288
professional,0.30313588850174217,287
formal,0.2916666666666667,288
persuasive,0.16319444444444445,288
immediate_action,0.11805555555555555,288
urgent,0.027777777777777776,288
emotional,0.006944444444444444,288
form_dependent,0.0,288
